{"coverage": 97.70114942528735, "raw_data": {"meta": {"format": 2, "version": "7.4.4", "timestamp": "2024-04-14T10:21:38.004222", "branch_coverage": false, "show_contexts": false}, "files": {"src/__about__.py": {"executed_lines": [1], "summary": {"covered_lines": 1, "num_statements": 1, "percent_covered": 100.0, "percent_covered_display": "100", "missing_lines": 0, "excluded_lines": 0}, "missing_lines": [], "excluded_lines": []}, "src/allure_generate.py": {"executed_lines": [1, 3, 4, 5, 6, 7, 9, 10, 13, 14, 21, 22, 24, 25, 26, 27, 28, 31, 32, 33, 34, 35, 36, 37, 38, 40, 41, 44, 45, 47, 48, 49, 51, 52, 53, 58, 59, 60, 61, 65, 67, 69, 71, 72, 73, 74, 76, 79, 80, 83, 84, 85, 86, 88, 90, 91, 92, 94, 99, 104, 108, 113, 114, 117, 118, 119, 121, 122, 124, 125, 126, 127, 129, 131, 132, 133, 135, 137, 139, 148, 152, 153, 159, 162, 174, 181], "summary": {"covered_lines": 83, "num_statements": 85, "percent_covered": 97.6470588235294, "percent_covered_display": "98", "missing_lines": 2, "excluded_lines": 3}, "missing_lines": [81, 82], "excluded_lines": [181, 182, 183]}, "src/templates/executor.json": {"executed_lines": [1, 11, 12, 13, 14, 15, 16, 17, 18, 19, 20, 21, 22, 23, 24, 25, 26, 27, 28, 29, 30, 31, 32, 33, 34, 35, 36, 37, 38, 40, 41], "summary": {"covered_lines": 1, "num_statements": 1, "percent_covered": 100.0, "percent_covered_display": "100", "missing_lines": 0, "excluded_lines": 0}, "missing_lines": [], "excluded_lines": []}}, "totals": {"covered_lines": 85, "num_statements": 87, "percent_covered": 97.70114942528735, "percent_covered_display": "98", "missing_lines": 2, "excluded_lines": 3}}, "coverage_path": "."}