{"coverage": 32.52595155709343, "raw_data": {"meta": {"format": 2, "version": "7.4.4", "timestamp": "2024-04-21T07:23:31.840732", "branch_coverage": false, "show_contexts": false}, "files": {"src/__about__.py": {"executed_lines": [1], "summary": {"covered_lines": 1, "num_statements": 1, "percent_covered": 100.0, "percent_covered_display": "100", "missing_lines": 0, "excluded_lines": 0}, "missing_lines": [], "excluded_lines": []}, "src/action_base.py": {"executed_lines": [], "summary": {"covered_lines": 0, "num_statements": 38, "percent_covered": 0.0, "percent_covered_display": "0", "missing_lines": 38, "excluded_lines": 0}, "missing_lines": [3, 4, 5, 7, 9, 10, 13, 16, 21, 23, 24, 25, 26, 27, 28, 30, 31, 32, 33, 34, 35, 36, 39, 45, 46, 47, 48, 50, 52, 54, 56, 58, 59, 60, 61, 62, 64, 66], "excluded_lines": []}, "src/allure_generate.py": {"executed_lines": [1, 3, 4, 5, 6, 8, 9, 11, 14, 15, 19, 20, 22, 23, 25, 26, 28, 29, 31, 32, 34, 35, 37, 38, 40, 41, 43, 44, 47, 48, 50, 51, 52, 53, 56, 57, 59, 60, 62, 64, 65, 66, 69, 74, 76, 77, 79, 80, 81, 83, 84, 85, 87, 90, 91, 92, 94, 95, 96, 97, 98, 99, 100, 101, 103, 108, 111, 115, 120, 121, 124, 125, 126, 128, 129, 131, 132, 133, 136, 137, 140, 141, 143, 145, 147, 148, 149, 151, 153, 155, 164, 168, 169, 175, 176, 188, 195], "summary": {"covered_lines": 92, "num_statements": 96, "percent_covered": 95.83333333333333, "percent_covered_display": "96", "missing_lines": 4, "excluded_lines": 2}, "missing_lines": [67, 93, 135, 138], "excluded_lines": [195, 196]}, "src/github_vars.py": {"executed_lines": [], "summary": {"covered_lines": 0, "num_statements": 89, "percent_covered": 0.0, "percent_covered_display": "0", "missing_lines": 89, "excluded_lines": 0}, "missing_lines": [3, 5, 8, 32, 33, 35, 36, 45, 46, 51, 52, 55, 56, 59, 60, 62, 63, 66, 67, 69, 70, 74, 75, 81, 82, 84, 85, 88, 89, 91, 92, 96, 97, 99, 100, 107, 108, 114, 115, 124, 125, 129, 130, 133, 134, 136, 137, 139, 140, 143, 144, 146, 147, 150, 151, 153, 154, 158, 159, 162, 163, 167, 168, 170, 171, 175, 176, 182, 183, 188, 189, 193, 194, 198, 199, 201, 202, 206, 207, 210, 211, 215, 216, 220, 221, 225, 226, 230, 231], "excluded_lines": []}, "src/inputs_outputs.py": {"executed_lines": [], "summary": {"covered_lines": 0, "num_statements": 64, "percent_covered": 0.0, "percent_covered_display": "0", "missing_lines": 64, "excluded_lines": 0}, "missing_lines": [7, 8, 9, 10, 11, 13, 16, 24, 26, 27, 29, 30, 31, 33, 35, 37, 38, 39, 40, 41, 42, 43, 44, 45, 46, 49, 50, 51, 52, 53, 56, 70, 71, 74, 87, 88, 89, 91, 92, 94, 95, 96, 98, 99, 100, 102, 103, 105, 106, 108, 109, 111, 112, 114, 115, 116, 117, 120, 121, 122, 124, 125, 126, 127], "excluded_lines": []}, "src/templates/executor.json": {"executed_lines": [1, 10, 11, 12, 13, 14, 15, 16, 17, 18, 19, 20, 21, 22, 23, 24, 25, 26, 27, 28, 29, 30, 31, 32, 33, 34, 36, 37], "summary": {"covered_lines": 1, "num_statements": 1, "percent_covered": 100.0, "percent_covered_display": "100", "missing_lines": 0, "excluded_lines": 0}, "missing_lines": [], "excluded_lines": []}}, "totals": {"covered_lines": 94, "num_statements": 289, "percent_covered": 32.52595155709343, "percent_covered_display": "33", "missing_lines": 195, "excluded_lines": 2}}, "coverage_path": "."}