{"coverage": 87.66233766233766, "raw_data": {"meta": {"format": 2, "version": "7.4.4", "timestamp": "2024-04-16T07:46:03.939354", "branch_coverage": false, "show_contexts": false}, "files": {"src/__about__.py": {"executed_lines": [1], "summary": {"covered_lines": 1, "num_statements": 1, "percent_covered": 100.0, "percent_covered_display": "100", "missing_lines": 0, "excluded_lines": 0}, "missing_lines": [], "excluded_lines": []}, "src/allure_generate.py": {"executed_lines": [1, 3, 4, 5, 6, 7, 8, 9, 11, 13, 14, 17, 18, 25, 26, 28, 29, 30, 31, 32, 35, 37, 38, 39, 44, 45, 46, 48, 49, 51, 52, 53, 54, 57, 58, 59, 61, 62, 65, 66, 68, 69, 70, 72, 73, 75, 77, 78, 80, 82, 84, 85, 86, 87, 89, 92, 93, 94, 96, 97, 98, 99, 100, 101, 102, 104, 106, 107, 112, 117, 122, 126, 131, 132, 135, 136, 137, 139, 140, 142, 143, 146, 147, 149, 151, 153, 154, 157, 159, 161, 163, 172, 176, 177, 183, 186, 198, 205], "summary": {"covered_lines": 95, "num_statements": 100, "percent_covered": 95.0, "percent_covered_display": "95", "missing_lines": 5, "excluded_lines": 3}, "missing_lines": [95, 108, 109, 110, 144], "excluded_lines": [205, 206, 207]}, "src/inputs_outputs.py": {"executed_lines": [1, 3, 4, 5, 6, 7, 9, 12, 13, 25, 26, 28, 30, 32, 41, 44, 48, 51, 55, 56, 68, 69, 71, 74, 75, 76, 78, 82, 85, 88, 91, 92, 94, 95, 96, 99, 100, 102, 103, 104, 107], "summary": {"covered_lines": 38, "num_statements": 52, "percent_covered": 73.07692307692308, "percent_covered_display": "73", "missing_lines": 14, "excluded_lines": 0}, "missing_lines": [33, 34, 39, 42, 45, 46, 49, 52, 72, 79, 80, 83, 86, 89], "excluded_lines": []}, "src/templates/executor.json": {"executed_lines": [1, 10, 11, 12, 13, 14, 15, 16, 17, 18, 19, 20, 21, 22, 23, 24, 25, 26, 27, 28, 29, 30, 31, 32, 33, 34, 36, 37], "summary": {"covered_lines": 1, "num_statements": 1, "percent_covered": 100.0, "percent_covered_display": "100", "missing_lines": 0, "excluded_lines": 0}, "missing_lines": [], "excluded_lines": []}}, "totals": {"covered_lines": 135, "num_statements": 154, "percent_covered": 87.66233766233766, "percent_covered_display": "88", "missing_lines": 19, "excluded_lines": 3}}, "coverage_path": "."}