{"coverage": 88.48920863309353, "raw_data": {"meta": {"format": 2, "version": "7.4.4", "timestamp": "2024-04-15T08:21:33.383949", "branch_coverage": false, "show_contexts": false}, "files": {"src/__about__.py": {"executed_lines": [1], "summary": {"covered_lines": 1, "num_statements": 1, "percent_covered": 100.0, "percent_covered_display": "100", "missing_lines": 0, "excluded_lines": 0}, "missing_lines": [], "excluded_lines": []}, "src/allure_generate.py": {"executed_lines": [1, 3, 4, 5, 6, 7, 9, 11, 12, 15, 16, 23, 24, 26, 27, 28, 29, 30, 33, 34, 35, 36, 37, 38, 39, 40, 42, 43, 46, 47, 49, 50, 51, 53, 54, 55, 60, 61, 62, 63, 67, 68, 70, 72, 73, 75, 77, 79, 80, 81, 82, 84, 87, 88, 91, 92, 93, 94, 96, 101, 106, 110, 115, 116, 119, 120, 121, 123, 124, 126, 127, 128, 129, 131, 133, 134, 135, 137, 139, 141, 150, 154, 155, 161, 164, 176, 183], "summary": {"covered_lines": 84, "num_statements": 86, "percent_covered": 97.67441860465117, "percent_covered_display": "98", "missing_lines": 2, "excluded_lines": 3}, "missing_lines": [89, 90], "excluded_lines": [183, 184, 185]}, "src/github_actions.py": {"executed_lines": [1, 3, 4, 5, 6, 7, 9, 12, 13, 25, 26, 28, 30, 32, 41, 44, 47, 50, 54, 55, 67, 68, 70, 73, 74, 75, 77, 81, 84, 87, 90, 91, 93, 94, 98, 99, 101, 102, 103, 104], "summary": {"covered_lines": 37, "num_statements": 51, "percent_covered": 72.54901960784314, "percent_covered_display": "73", "missing_lines": 14, "excluded_lines": 0}, "missing_lines": [33, 34, 39, 42, 45, 48, 51, 71, 78, 79, 82, 85, 88, 95], "excluded_lines": []}, "src/templates/executor.json": {"executed_lines": [1, 11, 12, 13, 14, 15, 16, 17, 18, 19, 20, 21, 22, 23, 24, 25, 26, 27, 28, 29, 30, 31, 32, 33, 34, 35, 36, 37, 38, 40, 41], "summary": {"covered_lines": 1, "num_statements": 1, "percent_covered": 100.0, "percent_covered_display": "100", "missing_lines": 0, "excluded_lines": 0}, "missing_lines": [], "excluded_lines": []}}, "totals": {"covered_lines": 123, "num_statements": 139, "percent_covered": 88.48920863309353, "percent_covered_display": "88", "missing_lines": 16, "excluded_lines": 3}}, "coverage_path": "."}