{"coverage": 95.06172839506173, "raw_data": {"meta": {"format": 2, "version": "7.4.4", "timestamp": "2024-04-13T07:27:15.165563", "branch_coverage": false, "show_contexts": false}, "files": {"src/__about__.py": {"executed_lines": [1], "summary": {"covered_lines": 1, "num_statements": 1, "percent_covered": 100.0, "percent_covered_display": "100", "missing_lines": 0, "excluded_lines": 0}, "missing_lines": [], "excluded_lines": []}, "src/allure_generate.py": {"executed_lines": [1, 3, 4, 5, 6, 7, 9, 10, 13, 14, 21, 22, 24, 25, 26, 27, 28, 31, 32, 33, 34, 35, 36, 37, 38, 41, 44, 45, 47, 48, 49, 51, 52, 57, 58, 59, 60, 64, 66, 68, 70, 71, 73, 75, 77, 78, 79, 81, 86, 87, 92, 93, 97, 100, 101, 102, 104, 105, 107, 108, 109, 110, 112, 114, 115, 116, 118, 120, 122, 131, 134, 135, 141, 144, 156, 159, 166], "summary": {"covered_lines": 75, "num_statements": 79, "percent_covered": 94.9367088607595, "percent_covered_display": "95", "missing_lines": 4, "excluded_lines": 0}, "missing_lines": [40, 72, 167, 168], "excluded_lines": []}, "src/templates/executor.json": {"executed_lines": [1, 11, 12, 13, 14, 15, 16, 17, 18, 19, 20, 21, 22, 23, 24, 25, 26, 27, 28, 29, 30, 31, 32, 33, 34, 35, 36, 37, 38, 40, 41], "summary": {"covered_lines": 1, "num_statements": 1, "percent_covered": 100.0, "percent_covered_display": "100", "missing_lines": 0, "excluded_lines": 0}, "missing_lines": [], "excluded_lines": []}}, "totals": {"covered_lines": 77, "num_statements": 81, "percent_covered": 95.06172839506173, "percent_covered_display": "95", "missing_lines": 4, "excluded_lines": 0}}, "coverage_path": "."}