{"coverage": 92.7007299270073, "raw_data": {"meta": {"format": 2, "version": "7.4.4", "timestamp": "2024-04-17T09:45:12.941732", "branch_coverage": false, "show_contexts": false}, "files": {"src/__about__.py": {"executed_lines": [1], "summary": {"covered_lines": 1, "num_statements": 1, "percent_covered": 100.0, "percent_covered_display": "100", "missing_lines": 0, "excluded_lines": 0}, "missing_lines": [], "excluded_lines": []}, "src/action_base.py": {"executed_lines": [1, 3, 5, 6, 9, 10, 12, 13, 15, 17, 18, 22, 29, 30, 32], "summary": {"covered_lines": 13, "num_statements": 18, "percent_covered": 72.22222222222223, "percent_covered_display": "72", "missing_lines": 5, "excluded_lines": 0}, "missing_lines": [20, 24, 25, 26, 27], "excluded_lines": []}, "src/allure_generate.py": {"executed_lines": [1, 3, 4, 5, 6, 7, 8, 9, 11, 13, 14, 15, 18, 19, 21, 22, 24, 25, 27, 28, 30, 31, 33, 34, 36, 37, 39, 40, 42, 43, 46, 47, 49, 50, 52, 53, 54, 57, 62, 64, 65, 67, 68, 69, 70, 72, 73, 74, 76, 77, 79, 81, 84, 85, 86, 88, 89, 90, 91, 92, 93, 94, 96, 98, 99, 104, 109, 112, 116, 121, 122, 125, 126, 127, 129, 130, 132, 133, 134, 137, 138, 141, 142, 144, 146, 148, 149, 150, 152, 154, 156, 165, 169, 170, 176, 177, 189, 196], "summary": {"covered_lines": 94, "num_statements": 101, "percent_covered": 93.06930693069307, "percent_covered_display": "93", "missing_lines": 7, "excluded_lines": 3}, "missing_lines": [55, 87, 100, 101, 102, 136, 139], "excluded_lines": [196, 197, 198]}, "src/github_vars.py": {"executed_lines": [1, 3, 5, 8, 9, 32, 33, 35, 36, 45, 46, 51, 52, 55, 56, 59, 60, 62, 63, 66, 67, 69, 70, 74, 75, 81, 82, 84, 85, 88, 89, 91, 92, 96, 97, 99, 100, 107, 108, 114, 115, 124, 125, 129, 130, 133, 134, 136, 137, 139, 140, 143, 144, 146, 147, 150, 151, 153, 154, 158, 159, 162, 163, 167, 168, 170, 171, 175, 176, 182, 183, 188, 189, 193, 194, 198, 199, 201, 202, 206, 207, 210, 211, 215, 216, 220, 221, 225, 226, 230, 231], "summary": {"covered_lines": 89, "num_statements": 89, "percent_covered": 100.0, "percent_covered_display": "100", "missing_lines": 0, "excluded_lines": 0}, "missing_lines": [], "excluded_lines": []}, "src/inputs_outputs.py": {"executed_lines": [1, 7, 8, 9, 10, 11, 13, 16, 17, 24, 26, 27, 29, 30, 31, 33, 35, 37, 38, 39, 40, 41, 42, 44, 45, 46, 49, 50, 51, 52, 56, 57, 70, 71, 74, 75, 87, 88, 89, 91, 94, 95, 96, 98, 102, 105, 108, 111, 112, 114, 115, 116, 117, 120, 121, 122, 124, 125, 126, 127], "summary": {"covered_lines": 56, "num_statements": 64, "percent_covered": 87.5, "percent_covered_display": "88", "missing_lines": 8, "excluded_lines": 0}, "missing_lines": [43, 53, 92, 99, 100, 103, 106, 109], "excluded_lines": []}, "src/templates/executor.json": {"executed_lines": [1, 10, 11, 12, 13, 14, 15, 16, 17, 18, 19, 20, 21, 22, 23, 24, 25, 26, 27, 28, 29, 30, 31, 32, 33, 34, 36, 37], "summary": {"covered_lines": 1, "num_statements": 1, "percent_covered": 100.0, "percent_covered_display": "100", "missing_lines": 0, "excluded_lines": 0}, "missing_lines": [], "excluded_lines": []}}, "totals": {"covered_lines": 254, "num_statements": 274, "percent_covered": 92.7007299270073, "percent_covered_display": "93", "missing_lines": 20, "excluded_lines": 3}}, "coverage_path": "."}