{"coverage": 96.0, "raw_data": {"meta": {"format": 2, "version": "7.4.4", "timestamp": "2024-04-23T08:08:54.911160", "branch_coverage": false, "show_contexts": false}, "files": {"src/__about__.py": {"executed_lines": [1], "summary": {"covered_lines": 1, "num_statements": 1, "percent_covered": 100.0, "percent_covered_display": "100", "missing_lines": 0, "excluded_lines": 0}, "missing_lines": [], "excluded_lines": []}, "src/allure_generate.py": {"executed_lines": [1, 3, 4, 5, 6, 8, 9, 11, 14, 15, 19, 20, 22, 23, 25, 26, 28, 29, 31, 32, 34, 35, 37, 38, 40, 41, 43, 44, 47, 48, 50, 51, 52, 53, 56, 57, 59, 60, 62, 63, 65, 67, 68, 69, 72, 77, 79, 80, 82, 83, 84, 86, 87, 88, 90, 93, 94, 95, 97, 98, 99, 100, 101, 102, 103, 104, 106, 111, 114, 118, 123, 124, 127, 128, 129, 131, 132, 134, 135, 136, 139, 140, 143, 144, 146, 148, 150, 151, 152, 154, 156, 158, 167, 171, 172, 178, 179, 191, 198], "summary": {"covered_lines": 94, "num_statements": 98, "percent_covered": 95.91836734693878, "percent_covered_display": "96", "missing_lines": 4, "excluded_lines": 2}, "missing_lines": [70, 96, 138, 141], "excluded_lines": [198, 199]}, "src/templates/executor.json": {"executed_lines": [1, 10, 11, 12, 13, 14, 15, 16, 17, 18, 19, 20, 21, 22, 23, 24, 25, 26, 27, 28, 29, 30, 31, 32, 33, 34, 36, 37], "summary": {"covered_lines": 1, "num_statements": 1, "percent_covered": 100.0, "percent_covered_display": "100", "missing_lines": 0, "excluded_lines": 0}, "missing_lines": [], "excluded_lines": []}}, "totals": {"covered_lines": 96, "num_statements": 100, "percent_covered": 96.0, "percent_covered_display": "96", "missing_lines": 4, "excluded_lines": 2}}, "coverage_path": "."}