{"coverage": 93.56060606060606, "raw_data": {"meta": {"format": 2, "version": "7.4.4", "timestamp": "2024-04-17T16:27:56.154050", "branch_coverage": false, "show_contexts": false}, "files": {"src/__about__.py": {"executed_lines": [1], "summary": {"covered_lines": 1, "num_statements": 1, "percent_covered": 100.0, "percent_covered_display": "100", "missing_lines": 0, "excluded_lines": 0}, "missing_lines": [], "excluded_lines": []}, "src/action_base.py": {"executed_lines": [1, 3, 4, 6, 7, 10, 11, 16, 17, 18, 19, 21, 25, 27, 28], "summary": {"covered_lines": 13, "num_statements": 17, "percent_covered": 76.47058823529412, "percent_covered_display": "76", "missing_lines": 4, "excluded_lines": 0}, "missing_lines": [23, 29, 30, 31], "excluded_lines": []}, "src/allure_generate.py": {"executed_lines": [1, 3, 4, 5, 6, 7, 9, 11, 12, 13, 16, 17, 19, 20, 22, 23, 25, 26, 28, 29, 31, 32, 34, 35, 37, 38, 40, 41, 44, 45, 47, 48, 50, 52, 53, 54, 57, 62, 64, 65, 67, 68, 69, 70, 72, 73, 74, 76, 79, 80, 81, 83, 84, 85, 86, 87, 88, 89, 90, 96, 101, 104, 108, 113, 114, 117, 118, 119, 121, 122, 124, 125, 126, 129, 130, 133, 134, 136, 138, 140, 141, 142, 144, 146, 148, 157, 161, 162, 168, 169, 181, 188], "summary": {"covered_lines": 88, "num_statements": 92, "percent_covered": 95.65217391304348, "percent_covered_display": "96", "missing_lines": 4, "excluded_lines": 2}, "missing_lines": [55, 82, 128, 131], "excluded_lines": [188, 189]}, "src/github_vars.py": {"executed_lines": [1, 3, 5, 8, 9, 32, 33, 35, 36, 45, 46, 51, 52, 55, 56, 59, 60, 62, 63, 66, 67, 69, 70, 74, 75, 81, 82, 84, 85, 88, 89, 91, 92, 96, 97, 99, 100, 107, 108, 114, 115, 124, 125, 129, 130, 133, 134, 136, 137, 139, 140, 143, 144, 146, 147, 150, 151, 153, 154, 158, 159, 162, 163, 167, 168, 170, 171, 175, 176, 182, 183, 188, 189, 193, 194, 198, 199, 201, 202, 206, 207, 210, 211, 215, 216, 220, 221, 225, 226, 230, 231], "summary": {"covered_lines": 89, "num_statements": 89, "percent_covered": 100.0, "percent_covered_display": "100", "missing_lines": 0, "excluded_lines": 0}, "missing_lines": [], "excluded_lines": []}, "src/inputs_outputs.py": {"executed_lines": [1, 7, 8, 9, 10, 11, 13, 16, 17, 24, 26, 27, 29, 30, 31, 33, 35, 37, 38, 39, 40, 41, 42, 44, 45, 46, 49, 50, 51, 52, 56, 57, 70, 71, 74, 75, 87, 88, 89, 91, 94, 95, 96, 98, 102, 105, 108, 111, 112, 114, 115, 116, 120, 121, 122, 124, 125, 126, 127], "summary": {"covered_lines": 55, "num_statements": 64, "percent_covered": 85.9375, "percent_covered_display": "86", "missing_lines": 9, "excluded_lines": 0}, "missing_lines": [43, 53, 92, 99, 100, 103, 106, 109, 117], "excluded_lines": []}, "src/templates/executor.json": {"executed_lines": [1, 10, 11, 12, 13, 14, 15, 16, 17, 18, 19, 20, 21, 22, 23, 24, 25, 26, 27, 28, 29, 30, 31, 32, 33, 34, 36, 37], "summary": {"covered_lines": 1, "num_statements": 1, "percent_covered": 100.0, "percent_covered_display": "100", "missing_lines": 0, "excluded_lines": 0}, "missing_lines": [], "excluded_lines": []}}, "totals": {"covered_lines": 247, "num_statements": 264, "percent_covered": 93.56060606060606, "percent_covered_display": "94", "missing_lines": 17, "excluded_lines": 2}}, "coverage_path": "."}