{"coverage": 87.33333333333333, "raw_data": {"meta": {"format": 2, "version": "7.4.4", "timestamp": "2024-04-15T14:11:08.924119", "branch_coverage": false, "show_contexts": false}, "files": {"src/__about__.py": {"executed_lines": [1], "summary": {"covered_lines": 1, "num_statements": 1, "percent_covered": 100.0, "percent_covered_display": "100", "missing_lines": 0, "excluded_lines": 0}, "missing_lines": [], "excluded_lines": []}, "src/allure_generate.py": {"executed_lines": [1, 3, 4, 5, 6, 7, 8, 9, 11, 13, 14, 17, 18, 25, 26, 28, 29, 30, 31, 32, 35, 36, 37, 38, 39, 40, 41, 42, 44, 45, 48, 49, 51, 52, 53, 55, 56, 57, 62, 63, 64, 65, 69, 70, 72, 74, 75, 77, 79, 81, 82, 83, 84, 86, 89, 90, 92, 93, 94, 95, 96, 98, 100, 101, 106, 111, 116, 120, 125, 126, 129, 130, 131, 133, 134, 136, 137, 140, 141, 143, 145, 147, 148, 149, 151, 153, 155, 164, 168, 169, 175, 178, 190, 197], "summary": {"covered_lines": 91, "num_statements": 96, "percent_covered": 94.79166666666667, "percent_covered_display": "95", "missing_lines": 5, "excluded_lines": 3}, "missing_lines": [91, 102, 103, 104, 138], "excluded_lines": [197, 198, 199]}, "src/inputs_outputs.py": {"executed_lines": [1, 3, 4, 5, 6, 7, 9, 12, 13, 25, 26, 28, 30, 32, 41, 44, 48, 51, 55, 56, 68, 69, 71, 74, 75, 76, 78, 82, 85, 88, 91, 92, 94, 95, 96, 99, 100, 102, 103, 104, 107], "summary": {"covered_lines": 38, "num_statements": 52, "percent_covered": 73.07692307692308, "percent_covered_display": "73", "missing_lines": 14, "excluded_lines": 0}, "missing_lines": [33, 34, 39, 42, 45, 46, 49, 52, 72, 79, 80, 83, 86, 89], "excluded_lines": []}, "src/templates/executor.json": {"executed_lines": [1, 11, 12, 13, 14, 15, 16, 17, 18, 19, 20, 21, 22, 23, 24, 25, 26, 27, 28, 29, 30, 31, 32, 33, 34, 35, 36, 37, 38, 40, 41], "summary": {"covered_lines": 1, "num_statements": 1, "percent_covered": 100.0, "percent_covered_display": "100", "missing_lines": 0, "excluded_lines": 0}, "missing_lines": [], "excluded_lines": []}}, "totals": {"covered_lines": 131, "num_statements": 150, "percent_covered": 87.33333333333333, "percent_covered_display": "87", "missing_lines": 19, "excluded_lines": 3}}, "coverage_path": "."}