{"coverage": 88.0503144654088, "raw_data": {"meta": {"format": 2, "version": "7.4.4", "timestamp": "2024-04-16T13:09:30.048902", "branch_coverage": false, "show_contexts": false}, "files": {"src/__about__.py": {"executed_lines": [1], "summary": {"covered_lines": 1, "num_statements": 1, "percent_covered": 100.0, "percent_covered_display": "100", "missing_lines": 0, "excluded_lines": 0}, "missing_lines": [], "excluded_lines": []}, "src/action_base.py": {"executed_lines": [1, 3, 5, 8, 9, 11, 12, 14, 16, 17, 19, 21, 23, 24, 25, 26], "summary": {"covered_lines": 14, "num_statements": 14, "percent_covered": 100.0, "percent_covered_display": "100", "missing_lines": 0, "excluded_lines": 0}, "missing_lines": [], "excluded_lines": []}, "src/allure_generate.py": {"executed_lines": [1, 3, 4, 5, 6, 7, 8, 9, 11, 13, 14, 17, 18, 20, 21, 23, 24, 25, 26, 27, 30, 32, 33, 34, 37, 38, 39, 41, 42, 44, 45, 46, 47, 50, 51, 52, 54, 55, 58, 59, 61, 62, 63, 65, 68, 69, 70, 72, 73, 74, 75, 76, 77, 78, 80, 82, 83, 88, 93, 96, 100, 105, 106, 109, 110, 111, 113, 114, 116, 117, 120, 121, 123, 125, 127, 128, 129, 131, 133, 135, 144, 148, 149, 155, 156, 168, 175], "summary": {"covered_lines": 84, "num_statements": 89, "percent_covered": 94.38202247191012, "percent_covered_display": "94", "missing_lines": 5, "excluded_lines": 3}, "missing_lines": [71, 84, 85, 86, 118], "excluded_lines": [175, 176, 177]}, "src/inputs_outputs.py": {"executed_lines": [1, 7, 8, 9, 10, 12, 15, 16, 28, 29, 31, 33, 35, 44, 47, 51, 54, 58, 59, 71, 72, 73, 75, 78, 79, 80, 82, 86, 89, 92, 95, 96, 98, 99, 100, 101, 104, 105, 106, 108, 109, 110, 111], "summary": {"covered_lines": 40, "num_statements": 54, "percent_covered": 74.07407407407408, "percent_covered_display": "74", "missing_lines": 14, "excluded_lines": 0}, "missing_lines": [36, 37, 42, 45, 48, 49, 52, 55, 76, 83, 84, 87, 90, 93], "excluded_lines": []}, "src/templates/executor.json": {"executed_lines": [1, 10, 11, 12, 13, 14, 15, 16, 17, 18, 19, 20, 21, 22, 23, 24, 25, 26, 27, 28, 29, 30, 31, 32, 33, 34, 36, 37], "summary": {"covered_lines": 1, "num_statements": 1, "percent_covered": 100.0, "percent_covered_display": "100", "missing_lines": 0, "excluded_lines": 0}, "missing_lines": [], "excluded_lines": []}}, "totals": {"covered_lines": 140, "num_statements": 159, "percent_covered": 88.0503144654088, "percent_covered_display": "88", "missing_lines": 19, "excluded_lines": 3}}, "coverage_path": "."}