{"coverage": 91.91176470588235, "raw_data": {"meta": {"format": 2, "version": "7.4.4", "timestamp": "2024-04-17T08:27:40.326873", "branch_coverage": false, "show_contexts": false}, "files": {"src/__about__.py": {"executed_lines": [1], "summary": {"covered_lines": 1, "num_statements": 1, "percent_covered": 100.0, "percent_covered_display": "100", "missing_lines": 0, "excluded_lines": 0}, "missing_lines": [], "excluded_lines": []}, "src/action_base.py": {"executed_lines": [1, 3, 5, 6, 9, 10, 12, 13, 15, 17, 18, 20, 22, 24, 25, 26, 27, 29, 30, 32], "summary": {"covered_lines": 18, "num_statements": 18, "percent_covered": 100.0, "percent_covered_display": "100", "missing_lines": 0, "excluded_lines": 0}, "missing_lines": [], "excluded_lines": []}, "src/allure_generate.py": {"executed_lines": [1, 3, 4, 5, 6, 7, 8, 9, 11, 13, 14, 17, 18, 20, 21, 24, 26, 27, 28, 31, 32, 33, 35, 36, 38, 39, 40, 41, 44, 45, 46, 48, 49, 52, 53, 55, 56, 57, 59, 62, 63, 64, 66, 67, 68, 69, 70, 71, 72, 74, 76, 77, 82, 87, 90, 94, 99, 100, 103, 104, 105, 107, 108, 110, 111, 114, 115, 117, 119, 121, 122, 123, 125, 127, 129, 138, 142, 143, 149, 150, 162, 169], "summary": {"covered_lines": 79, "num_statements": 84, "percent_covered": 94.04761904761905, "percent_covered_display": "94", "missing_lines": 5, "excluded_lines": 3}, "missing_lines": [65, 78, 79, 80, 112], "excluded_lines": [169, 170, 171]}, "src/github_vars.py": {"executed_lines": [1, 3, 5, 8, 9, 32, 33, 35, 36, 45, 46, 51, 52, 55, 56, 59, 60, 62, 63, 66, 67, 69, 70, 74, 75, 81, 82, 84, 85, 88, 89, 91, 92, 96, 97, 99, 100, 107, 108, 114, 115, 124, 125, 129, 130, 133, 134, 136, 137, 139, 140, 143, 144, 146, 147, 150, 151, 153, 154, 158, 159, 162, 163, 167, 168, 170, 171, 175, 176, 182, 183, 188, 189, 193, 194, 198, 199, 201, 202, 206, 207, 210, 211, 215, 216, 220, 221, 225, 226, 230, 231], "summary": {"covered_lines": 89, "num_statements": 89, "percent_covered": 100.0, "percent_covered_display": "100", "missing_lines": 0, "excluded_lines": 0}, "missing_lines": [], "excluded_lines": []}, "src/inputs_outputs.py": {"executed_lines": [1, 7, 8, 9, 10, 11, 13, 16, 17, 24, 26, 27, 29, 30, 31, 33, 35, 37, 38, 39, 40, 41, 42, 44, 45, 46, 49, 51, 52, 56, 57, 69, 70, 72, 74, 76, 85, 88, 92, 95, 99, 100, 112, 113, 114, 116, 119, 120, 121, 123, 127, 130, 133, 136, 137, 139, 140, 141, 142, 145, 146, 147, 149, 150, 151, 152], "summary": {"covered_lines": 62, "num_statements": 79, "percent_covered": 78.48101265822785, "percent_covered_display": "78", "missing_lines": 17, "excluded_lines": 0}, "missing_lines": [43, 50, 53, 77, 78, 83, 86, 89, 90, 93, 96, 117, 124, 125, 128, 131, 134], "excluded_lines": []}, "src/templates/executor.json": {"executed_lines": [1, 10, 11, 12, 13, 14, 15, 16, 17, 18, 19, 20, 21, 22, 23, 24, 25, 26, 27, 28, 29, 30, 31, 32, 33, 34, 36, 37], "summary": {"covered_lines": 1, "num_statements": 1, "percent_covered": 100.0, "percent_covered_display": "100", "missing_lines": 0, "excluded_lines": 0}, "missing_lines": [], "excluded_lines": []}}, "totals": {"covered_lines": 250, "num_statements": 272, "percent_covered": 91.91176470588235, "percent_covered_display": "92", "missing_lines": 22, "excluded_lines": 3}}, "coverage_path": "."}