{"coverage": 93.33333333333333, "raw_data": {"meta": {"format": 2, "version": "7.4.4", "timestamp": "2024-04-18T07:24:09.903733", "branch_coverage": false, "show_contexts": false}, "files": {"src/__about__.py": {"executed_lines": [1], "summary": {"covered_lines": 1, "num_statements": 1, "percent_covered": 100.0, "percent_covered_display": "100", "missing_lines": 0, "excluded_lines": 0}, "missing_lines": [], "excluded_lines": []}, "src/action_base.py": {"executed_lines": [1, 3, 4, 5, 7, 9, 10, 13, 14, 16, 21, 23, 24, 25, 26, 27, 28, 30, 31, 32, 33, 39, 40, 45, 46, 47, 48, 50, 52, 56, 58, 59, 64, 66], "summary": {"covered_lines": 31, "num_statements": 38, "percent_covered": 81.57894736842105, "percent_covered_display": "82", "missing_lines": 7, "excluded_lines": 0}, "missing_lines": [34, 35, 36, 54, 60, 61, 62], "excluded_lines": []}, "src/allure_generate.py": {"executed_lines": [1, 3, 4, 5, 6, 8, 10, 11, 12, 15, 16, 18, 19, 21, 22, 24, 25, 27, 28, 30, 31, 33, 34, 36, 37, 39, 40, 42, 43, 46, 47, 49, 50, 52, 54, 55, 56, 59, 64, 66, 67, 69, 70, 71, 73, 74, 75, 77, 80, 81, 82, 84, 85, 86, 87, 88, 89, 90, 91, 93, 98, 101, 105, 110, 111, 114, 115, 116, 118, 119, 121, 122, 123, 126, 127, 130, 131, 133, 135, 137, 138, 139, 141, 143, 145, 154, 158, 159, 165, 166, 178, 185], "summary": {"covered_lines": 88, "num_statements": 92, "percent_covered": 95.65217391304348, "percent_covered_display": "96", "missing_lines": 4, "excluded_lines": 2}, "missing_lines": [57, 83, 125, 128], "excluded_lines": [185, 186]}, "src/github_vars.py": {"executed_lines": [1, 3, 5, 8, 9, 32, 33, 35, 36, 45, 46, 51, 52, 55, 56, 59, 60, 62, 63, 66, 67, 69, 70, 74, 75, 81, 82, 84, 85, 88, 89, 91, 92, 96, 97, 99, 100, 107, 108, 114, 115, 124, 125, 129, 130, 133, 134, 136, 137, 139, 140, 143, 144, 146, 147, 150, 151, 153, 154, 158, 159, 162, 163, 167, 168, 170, 171, 175, 176, 182, 183, 188, 189, 193, 194, 198, 199, 201, 202, 206, 207, 210, 211, 215, 216, 220, 221, 225, 226, 230, 231], "summary": {"covered_lines": 89, "num_statements": 89, "percent_covered": 100.0, "percent_covered_display": "100", "missing_lines": 0, "excluded_lines": 0}, "missing_lines": [], "excluded_lines": []}, "src/inputs_outputs.py": {"executed_lines": [1, 7, 8, 9, 10, 11, 13, 16, 17, 24, 26, 27, 29, 30, 31, 33, 35, 37, 38, 39, 40, 41, 42, 44, 45, 46, 49, 50, 51, 52, 56, 57, 70, 71, 74, 75, 87, 88, 89, 91, 92, 94, 95, 96, 98, 102, 105, 108, 111, 112, 114, 115, 116, 120, 121, 122, 124, 125, 126, 127], "summary": {"covered_lines": 56, "num_statements": 64, "percent_covered": 87.5, "percent_covered_display": "88", "missing_lines": 8, "excluded_lines": 0}, "missing_lines": [43, 53, 99, 100, 103, 106, 109, 117], "excluded_lines": []}, "src/templates/executor.json": {"executed_lines": [1, 10, 11, 12, 13, 14, 15, 16, 17, 18, 19, 20, 21, 22, 23, 24, 25, 26, 27, 28, 29, 30, 31, 32, 33, 34, 36, 37], "summary": {"covered_lines": 1, "num_statements": 1, "percent_covered": 100.0, "percent_covered_display": "100", "missing_lines": 0, "excluded_lines": 0}, "missing_lines": [], "excluded_lines": []}}, "totals": {"covered_lines": 266, "num_statements": 285, "percent_covered": 93.33333333333333, "percent_covered_display": "93", "missing_lines": 19, "excluded_lines": 2}}, "coverage_path": "."}