{"coverage": 96.03960396039604, "raw_data": {"meta": {"format": 2, "version": "7.5.0", "timestamp": "2024-04-27T09:50:21.510191", "branch_coverage": false, "show_contexts": false}, "files": {"src/__about__.py": {"executed_lines": [1], "summary": {"covered_lines": 1, "num_statements": 1, "percent_covered": 100.0, "percent_covered_display": "100", "missing_lines": 0, "excluded_lines": 0}, "missing_lines": [], "excluded_lines": []}, "src/allure_generate.py": {"executed_lines": [1, 3, 4, 5, 6, 7, 9, 10, 12, 15, 16, 20, 21, 23, 24, 26, 27, 29, 30, 32, 33, 35, 36, 38, 39, 41, 42, 44, 45, 48, 49, 51, 52, 53, 54, 57, 58, 60, 61, 63, 64, 66, 68, 69, 70, 73, 78, 80, 81, 83, 84, 85, 87, 88, 89, 91, 94, 95, 96, 98, 99, 100, 101, 102, 103, 104, 105, 107, 112, 115, 119, 124, 125, 128, 129, 130, 132, 133, 135, 136, 137, 140, 141, 144, 145, 147, 149, 151, 152, 153, 155, 157, 159, 168, 172, 173, 179, 180, 192, 199], "summary": {"covered_lines": 95, "num_statements": 99, "percent_covered": 95.95959595959596, "percent_covered_display": "96", "missing_lines": 4, "excluded_lines": 2}, "missing_lines": [71, 97, 139, 142], "excluded_lines": [199, 200]}, "src/templates/executor.json": {"executed_lines": [1, 10, 11, 12, 13, 14, 15, 16, 17, 18, 19, 20, 21, 22, 23, 24, 25, 26, 27, 28, 29, 30, 31, 32, 33, 34, 36, 37], "summary": {"covered_lines": 1, "num_statements": 1, "percent_covered": 100.0, "percent_covered_display": "100", "missing_lines": 0, "excluded_lines": 0}, "missing_lines": [], "excluded_lines": []}}, "totals": {"covered_lines": 97, "num_statements": 101, "percent_covered": 96.03960396039604, "percent_covered_display": "96", "missing_lines": 4, "excluded_lines": 2}}, "coverage_path": "."}